c66fee22df527b83d9c339dfb417e40b64f906b7;2016-08-31
bc936c0a245869040129f3b18d68342484ba8257;2014-04-01
4406cb6f01bdf6f63bdf45f5f96ed543119321eb;2015-03-01
359e40644749b5c23520f093eec8f103c159464c;2009-05-19
df1066af508a40e15393c5116b7519db4a29e567;2013-12-07
b042937306363dc15175c171ee2928901dd4479c;2012-06-07
79aa1e7f82ff51eedfb84708b9e6afcfb65100c5;2008-09-19
f759c3e50d66703fd451932501dfe29d8d32e13e;2016-09-22
721fc85db847568251fd2fcb046dcab5e99abb69;2016-06-23
6a3d20796e1fcd4169d5d339af6e491dcea3367c;2016-06-20
ccf13306803f36f95cb6ceaa6098391bba1e4519;None
6313f77ae7b6b67cef2b641010ac15cc667db87b;2016-09-25
f4a51f59f187cd70fd5d413c8671bb5b92aefca6;2010-07-26
544b5107fa6ee7b24fba6c98f062a1d824cdb97e;2016-10-04
5a903e1c75bbad9d8c18b1765f81fc5a90c997d6;2010-12-17
fb2e44bb1f42ada9edc1bac2ea70b87b3cb84e18;2015-08-20
5d73058643837933e00795387b7809d1d1f0c0ed;2014-10-21
182d39ecfe0516e9ac387d6cec75914be4ebe6ff;2016-09-24
b449bcc76b4592f1fb91539a0ecd079eb86301d9;2016-09-20
8e2a07dc9a2efd34a1be3803fd64ce3ebb4230d2;2016-04-06
95f1310e4474e2d5eca59022498b76ed5b2c436d;2014-11-04
7daa55b7abd66c1ff22efd411a20cd8e676bef50;2015-04-29
936d17e2b5fee45ab6cf763c140682c307b0bab6;2016-10-11
df0b04bd90255f39f8c23d48265897c66e417819;2014-04-24
964fdcd3218d9bcb7ea2310fedfbdedaf25abbca;2016-09-20
b3f7e2ee168811cb1d924eb34afe2b0d8153f89f;2015-10-14
446701594b78fa8ae7a6063c68000791fafee51c;2013-07-27
b3c7e19281d7d964680a077bb76027134a455e63;2016-09-04
1662fcd62ebaa7bcf026441d3192d50182df5345;2014-11-09
12edaf185d8d5d410d1b2763893aef270692474a;2015-05-26
ae5e9363afb62ceb31f147adb0b3379dd73f5635;2016-07-16
657c23c3b0a551ccac661043e875a3a91eb1d26d;2016-07-21
e6dfdc8a1545d45ef5840ba513a5c4036bf154bc;2009-08-09
6611844b386c7c17c032e5b3518f8df7e6bde10a;2016-03-12
211a19ca4ec3c7562c9844fe6c42e66a521b8bd4;2016-08-16
b109427b30ce3cf56a6f644f7b2d14691f7b15c5;2015-10-29
eb10fcda47c2e62c4eadcbc22356a00443cad2ed;2016-05-03
dc5d07f3abb5d0de57226a902a492ed86f912018;2015-10-05
b3428a7bfd4a907e27ea362d59a0dceae26ccf0a;2016-07-18
ebabe94c75d08898772382a56d82277aaacb4e88;2016-09-26
02ad4f2d470e7a89509668a2ba58b437cf34df5e;2015-04-21
365f9c6e7b98a22251ef31030eb055d70507376f;2009-02-24
c2796280303d09fb5c1dd3cda6bf44e883a7c13e;2014-09-17
76e5f6ca40ac1b7e46a378d1bb506c54cb4207b8;2012-06-08
9b3720a45eb6701d47326b616dc341cc25ea5aae;2013-04-12
3594a9f471d8e2d76d6edb996d73e716c2b304b5;2016-10-07
6c727a5ccf0e7ad0467102fd95e3f0fc68846306;2016-09-01
0e1431f3c26d125c779501620be98127b9c41fab;2016-09-21
df1066af508a40e15393c5116b7519db4a29e567;2013-12-07
d1cea493491caa93e246420a326f2b3b018d3835;2016-01-15
332fe312376dfabcd8559f49562668ca78f397bb;2016-10-10
4ade8fda4cf2b99349da780a230d008b602d121e;2015-07-27
83d193e6b41c85975b8d8a833cad0dab1b893595;2016-09-21
50ec9196291ef31a4fdaf1dde0d4d32d6503c009;2016-08-22
f5af2211157d078613ff7216407f38b10907a284;2016-09-13
26eefd5c70359b0ced4dcea8e3c7dd8e4e9bc47a;2016-03-01
b25720081f333b1e2f3f0926f30607927b2d1dce;2016-07-13
70b75a372afadc77aa1f521ef66b9110054ced8f;2014-11-26
a7a9cfe9b05c1d2392276f2948cf71eea1f4d65c;2016-10-05
f0f53aef2d416dec979a29b3701e8bc81a236058;2013-03-02
f4dacada8286795589f51dae06e1b4522a1baaf0;2011-11-17
324404f6bb736fa6ddf44128148e30af8293f542;2014-04-09
95ff3e75aecc144b245f97b65c93cd2c35bb3462;2015-05-30
5d03d023adc348593002357f90c9be56b120f742;2016-11-14
095b96828c398d524caca6963eb556cb328249f8;2013-03-27
ab4e840e53c8438a02004e9b7e72bcc9ecfcb893;2016-10-11
dbd8a83b5104c607c4604cf5a96dc7a85ef4d1b5;2016-09-01
a98bc7053bf0deec96ef9965a6f04b85b894dc68;2016-10-09
ab505f600a7de4d062a6f5321f1b990bf1001586;2013-05-27
370837dca83fb49a066b810f34ad65fa3cfad245;2013-01-31
ee792526726fa077081502232e04de61110e4d4e;2016-09-14
61c5060910bdad675f30656cd79bcccf2e2361af;2015-06-02
b642753a5dde033d9235194839cf4554d9b7941c;2016-09-30
084017b5f48426f9ce3f0e2ef3d4d834a2c8edf3;2016-10-05
f1a34fed96a61d20c5e8da722f5b1e638eb74014;2016-09-11
e2d7ad439e3758c1f6bc080556e638738acce100;2012-02-08
2b6b23d2268f809743c3898f55d2b7c274341236;2011-12-13
d4fd4a35b6c93b08241b07f8c17034a05839627a;2016-09-30
5efd27085bfb19bc5e500cd49f436801c2bc8358;2007-07-29
cbfd66b77c8a77cea5d00b71a855a1ecadffb2cf;2016-09-20
38e992dbb78490e393edaa772bc7dbf37b7b5193;2016-02-11
ef89a4eb5e639b3a807418de2050135ca8153beb;2009-10-24
fac3803e842057742d993de3ccc54ecfe870c4d1;2016-02-15
ea338c4f9c184c161beac03314a720dce212b132;2012-02-06
6a7f2e01c6763738b9ca5ef09b458b72b47b5130;2013-12-26
213dfd1052604bfc17337d7a4172d01648fd09d7;2016-09-26
9abf754523dc8dc202133a8a9e8a5e7ad4de657f;2010-05-19
89a42c5d712330d8520b0b136a42d9cc1bdd7b95;2016-10-11
4f51a113e4824535ec5692107be32769ce8de31a;2014-05-26
2125c7ee4a9c505dccfa49e9e00140736e9a2af4;2016-07-29
0db9cf1ff1b3838d33b96dd39a07b657c2a30953;2016-09-25
14e3aa36b052d43549dea95dfa079f489ca8f92f;2010-08-30
ef82b289202a1908b92b3f737432422edebaccfd;2016-08-17
d9a6599d606c74fa201332d92f3cbf08b2713860;2012-04-09
5ef11373bb3d92d4225325b27b3b024d37dfef3f;2016-01-22
e3a14e47a6d96e9c3e04c6387757c048921061ef;2015-06-30
85498ad92c7e6a1b82d666c484960c2e9b6c7f0b;2014-01-30
64c07f4661d58699949b420ead7730a934fea6c8;2013-02-12
2433e380513ec28d3f5f833c60ad546e1374b74c;2013-12-14
a7e53ee322dd865e6198be06682585c44865842d;2011-12-21
e324e9f201736963a2c5c6d109b6db544d7b63d5;2016-09-26
c23cd354ff2cc17c6757b3ac5519b059e0a4d226;2016-03-18
7ec2aacbc6b5fd72ce259e8565c9d97e405ec965;2015-12-13
d858b80effc0cfa1a183d959de3a412cbdd14a1d;2016-06-12
6693ad1b38dede9fe4c4ae30c72bbac0ac85d5b4;2013-07-25
f88f152ba04e4f4b3c6b0860c3447e1bcfe6de34;2007-03-16
a9f830a256657867518718e2859d75d1adba9fc4;2016-08-04
0c5d2ca35c1edb1a5d4b9dd89c05e6c8c4239b70;2016-10-10
cca3cb0103e4392a1941c7d4139d8378f2e221f8;2014-09-07
71560ab1b8382560c54c3b6fb700268cf102ffbe;2016-05-02
1c5c0cfa227b84e08cf99d4f0461369c12db0214;2016-10-10
bfc7b4826d9aaff190962eda53bf6c5ab08ed00e;2016-10-17
cd682fbb04a4fdcb96d23d946ccc2dc7e9d9937e;2015-09-23
4388c16ef7dd831732b56fcbbb95388c2dd518d8;2016-02-02
c37b838d550429da645cda9d124066561379b45e;2010-04-30
957378767928fcddb7fb24a0040d514b0bd6c956;2015-05-27
46dcc83968f0aca62ecb3753c26fdb07ffbac70f;2014-04-18
a1fff3aa83966e441e656208aa455fe7afdf81f0;2014-11-28
93bcdce99e44b962b5a26fdce752abc37b2a5871;2016-07-21
f67e593e2243de3ec604bd995b9ec4075c72c54a;2016-10-09
e64044af60783516e6e4079d1f90933eceb33dbe;2015-03-20
448e87e527897542f05ffa520baaa44a36202201;2016-10-14
babeb8bdd47d51e5bb7f66b9197aa0a1b9f3a2aa;2016-06-29
a628f65467771641fe25452d2ba385ea5d51fc76;2016-07-05
81666fda66c86bc85db81c460131211345560ab4;2016-10-11
702f660c98e3ee5259dc1060750a76c2429691d2;2015-08-11
e842accb90767d46c3d94c155ad5f8e81896fc97;2016-02-29
ebffd0009bc3700b1da35becad8b2d758d78678c;2011-10-04
5bdb13f3b07e262b8777805d9be69e8e393fe1c4;2016-09-20
85ac5000db9ce277853a53fdadbd2c9732ea1b6d;2016-03-01
d245030388f61f39030b20932b8f086a6c990d04;2009-03-15
e7abb58b7bbf0990e2d2d29d05f1c4e94ee4b9b6;None
9ca1c94412425a3db71cc9c5fc1b33345ac90d37;2016-10-05
3668494020fac52974eab969ef832ab8e16066ea;2008-01-01
43a64468c7798db4a93c95909cf3112dc00ac247;2016-10-24
2dc3b2112dd2e3cb010c210f0c9e89b8206dac42;2016-10-18
f702c19824ccf5471caeaee6fccc4e27558ae934;2013-12-13
76a6fbfcd81edcfa0207b1e5f300781192f74a9a;2016-09-13
cd47d5cb69de1b72f81957dd4af5e790725190dd;2014-06-17
19684c3d77b9190883d3d5794f85f797eabf11e9;2016-11-04
d40068c977d97fc8f8aee0c190d6f1424c92ca28;2014-11-21
e1836f71b3238d80e2e1ae15eb03957aae0e07b7;2014-11-27
fadb5b351a90140e283386fe06eed98bcc2efcb8;2013-06-05
dbcd5d8d39bde0eea231a4df2c6bb332c5974f5a;2016-09-28
a8599607f54967eaf41fe1bd7bbcc14508ceff0d;2016-09-30
eb9ab8cffb6aad1c1263bf224fc5bb700d16515f;2015-01-22
44b972b79dbf3d9b45b5b414e36559e0c4228e33;2016-08-01
22f72012fbdaf074e772fe43ab5d3a5ebedb73df;2016-10-10
da33b494157da54f883565ee1ba8c658a5958efe;2016-09-07
e906b9b585a02c08270316fd21f8f5ce0081526a;2016-01-08
c23cd354ff2cc17c6757b3ac5519b059e0a4d226;2016-03-18
1999f2280a5e1ad97cae11e2101acfa55de1747a;2016-10-12
49986e965d1f1059a87cae98918bad125a5f5741;2016-08-18
13c332df126fdb87549dfa04836e5d088e60100d;2009-03-13
ee6241ec438286c0b8f63bc3fc45a42fed918f8e;2016-10-12
3cae208f305ccb6d30674608eca8822d64b4a22d;2013-12-19
25e5e553af5e2d21b5cfc70ba41afb65202f6fd5;2007-09-08
455b076bc8c805225f65c8935378d2c3906c4ec2;2012-03-13
465991809d6fb45ed6be396dd926283b8ed6307b;2016-10-13
cd05906b4697c73d2c2700733dd46f6ebb993f2b;None
9f61d5839a5d5918adaf580401008f701379bb0d;2016-09-30
f1a34fed96a61d20c5e8da722f5b1e638eb74014;2016-09-11
a3408717b0ac889e10f718fa685d21223b788e93;2016-02-04
0bb84596184fcc13d1eacbcaea303411bab76f16;2016-10-05
58d4da52bedd606abbf8ea6a5d5008dae3d413a9;2012-04-17
3257b5b5b2459e2264a5150303860f6e04b71622;2015-03-14
da8ce0fe59e431f9fc363e4dfebd077afe2d9f56;2016-10-09
d6438160b2c6108cb0ac13a7094e2336d5b8121e;2016-10-10
95db41c0217cb216d4c65f84e3213ad11e5a4587;2016-05-19
19cb6ffb8450482ee2f840b092513006c8420e84;2011-10-10
2044c5f730c6377197a92e1d867a3d7400e335dc;2015-07-27
a055deac127335f6c37683e8a3490413810b4620;2016-10-11
5a54180c3a3b001974e7297f13fc3b8b5897e321;2016-02-24
a813adf54a8f5aa628d751bb560f02ade7fca3d9;2016-07-14
6ce62b365aa037476a98acf4015fd281aa13091c;2015-10-30
505d18f01960da78a7c8f4bd30335e01ea6f6558;2010-05-31
18b2b005da81765b53346ea5777f21a6cfd73e6e;2016-10-06
8741639fc873d835ab56163b65076dba5d64f56b;2015-04-16
d245030388f61f39030b20932b8f086a6c990d04;2009-03-15
2d94b05ff8dbb5c27f050550791dede3848554c9;2016-09-30
0abbc2613a92f8744d2668f12dd1b5037514857c;2014-04-19
f52c69a03c5bb490f8372ec5456c7f2b286d1e3d;2013-04-08
3be15ee136bc8d363d190cac17004b05e893b049;2011-03-12
3acf0fca1d5bf56f8a2ce577d055bfd0dd1773f9;2016-07-23
5ae4b04139d5f463ed4b35d9a44d83f476dd3be9;2016-08-18
310775519e78b5db7b46eaf3f774f16bc8c600be;2013-07-11
47c90244e00bfcb901c57baab1819fda3e65cb61;2016-08-31
5e252e93875b6e8b046c6c61cb58cd43427199d9;2016-10-12
7dbc0b79d0ecbea5d9e2e8370d29a3399e492abd;2016-10-07
5fb4d45fdbc8d34367fcf7df1d8e4d99ed4aa729;2011-07-08
3e074d36678e5756a8b77977ead684439d965b40;2014-11-04
f72bafd68e405a9eb3dcbd398b1c0d0f6df85151;None
72f887906533beda0cf24e4ca32bf2cc8b3c794b;2016-10-17
0a7e97b64c830415def3bc3ed970dacf792d6c78;2015-11-24
73f24107979faeb38c5e5c600a56faf813c71c44;2016-10-10
7d1409d15cf79b53bfa2466a9b3e8765d83948be;2016-10-18
24a70200f399e8760313191b2e492938da3bf859;2014-09-18
361d9204b8b31b9256e131f362590872be16142c;2016-10-03
1eda4c85272c80c9fb4b4fe0212aeab8537c34d4;2016-06-17
1dee7068284b78ae6c451ff4b01c0e7988777771;2016-09-26
7dfd32a0247e72e0b14c63494a2b76a88a02fca1;2011-12-28
215e3c2c3430eb06d14354034e04bd8e682fbd55;2015-05-03
1cc073645815135fdcada74c4e3ce35e1d516562;2016-10-04
8bf3b753f70f7896c2dafc4db417851708f7062b;2016-09-30
6b027f24780bfcedc235b0cf8fdc88839fd5aab1;2016-10-16
53c445b8e62709d60fbc1ee9f5091a60abe5037c;2014-05-25
2b489a7b51fffa62de4feb9cc40d76a9b5e7e574;2013-12-24
131d2e6c28e9afb4c8ea3a3ed0ac476ea359830a;2013-11-26
8b1dd8ae88439388bffebd085fd7be902b83a912;2016-03-24
5133e3462dcc6c21ac7761e58c321ed70d02bd26;2014-09-18
b062b03a04e0f3ce222282ca1760e4234d3c6f1f;2015-04-14
53a0196f9ca915351e08302df71ba488c25aea49;2014-12-18
5e48b46334c5847af4845276b78b99aeb9027ff6;2016-03-13
cf3e28db8bf93929f9bb398b290485d2f31dc859;2011-07-21
5a192c959176d531cbc25a2d625123db46abec0d;2016-06-21
00bc0902bf89210cc086632fdd086eecef4d6b03;2013-11-21
ecbd55181b1f9f8c345cc559db8aabf66af9b9ce;2016-10-10
2d64496d6cd3a20a8449b3d8405584f8203a096e;2013-03-23
b2a3fdbe4a662f3bf751f5b8bfc61f8d35e050fe;2014-02-11
3c5173ecdbba0b44cad1185735bde6dd55c77c7b;2016-08-26
1f0d7496188b3d319aa2618818828ce6466d78f1;2015-09-02
db056cda348134c6e1009236bd81ce1b2e929832;2015-07-06
ed67fb0c4e62e57a5eafb421df61b91afb592566;2016-09-13
194854c957696f41f1b7cf6050ea19424fd90122;2016-09-28
9d8e70e8412fbdd8c0160d6afebf8faef9c8f448;2011-07-17
15c21565f4b103374201ced6d2d9f8c9b03557d6;None
84f9c1f6f4d783aaa3ee68039d41a91e18986df5;2016-06-22
03f1dee26a013f6baad0f051b7785dbc2cd32964;2010-08-13
e37738667576e00fbfc8072ad92b47f14296f494;2016-09-19
5ffbc0fc27b1ae3933c4ada9a4e81316e9ef5004;2016-07-12
0f2f5723b120c8f5b69d800fa83606a10c29e846;None
bcd8fa152ccedb27ddb38e7bccc33df69145e4f4;2016-03-20
a211a70c9703998ab1c224f77996491e85204e26;2012-06-03
ead1d3400b9a46b01435ddef721b60816b363cbc;2015-06-08
cd94ddd86edd1ca15a4de4e45c90a9fab56aa3e0;2016-10-18
98d2536c9ab2373c1a702a026993f51710b172f7;2008-07-05
1568b0cd4fb26ea70290d6c81198928b0606b520;2014-04-12
dfc5b8bede0208b7a2ab1e53638913de679bf1e9;2016-10-05
88a79b77bef7c125c96ae83875d0ddaa2095f156;2016-10-05
415bac664d1a4854c25f10aefe9a2affd05471cb;2015-07-28
19edd5dcdd6682c28ab8cde978edb15142a172c7;2016-08-20
c3fbe150186addca57879c98de6f62dcb6b38ee3;2012-01-27
74e32c0a7078b749dd72fbf78acbf57a4aed8889;2016-09-21
75c53cda74561a2d5b80d0015641695bb070c7e5;2014-02-05
1d2136eb18d86b9ef3ad302e1e78a6d68e97b53b;2016-06-05
a4e30555964d06a98c448eaa39b1aeec44c52849;2016-06-02
58a9a33f1102cc3e56db1b703cc48410e20cbb54;2016-05-28
77f7c9cfa059f0a32037d3538555fccfb369180b;2016-10-10
c13a36cf72b01e2def19225ee4ad52f5ed280d93;2013-08-15
97f3b497b305e11c183578efda5ad3b63d15b65a;2016-02-12
f99feb1606f529c3903199a8df2d69f0deec706f;2014-12-02
b9e96fa35aa6075ade08a9e7a7464e26b2917f0c;2016-10-29
65de0e99e9e6db0122877f6bf5cc741f2e422374;2016-08-05
7816f3a49440b0ec643e2630162c791ca285e3a3;2016-06-17
74e32c0a7078b749dd72fbf78acbf57a4aed8889;2016-09-21
23d3c4d0869769f424b1c0c54f18c50761ca2c14;2008-01-30
e0693867616bf695fe60e3ff6cd96977e308d4eb;2010-09-21
21e0b96d08715cc5e7a1dd2aaf76ef78bf586f2a;2015-09-05
aa5e5dd335042a8823eb7e16109dd0f3b3eaa08f;2012-02-01
f1eff6451ced129c0e5c0a510955f234a01158a0;2013-05-16
31625a4c391392524ad98300e479c6630d60bc79;2016-04-06
2005f4b5859b841a0ee45db43adf2909ea350e3f;2016-09-27
e18da909c867d2728f816f40983a989da16dfeb9;2015-07-30
db998ec461a1243e07a1215109883a4ffa9fb2be;2016-10-10
d9c39b158479c011648e59c488b3b4bc6149b83e;2013-07-17
cb3120ed62794eec5151a898213d15962846e288;2012-02-28
ef190f3625a7cef71ece8cc4a64640a2271e1daa;2016-10-08
ce751fecbff0e89236cca5d79068ce955324fc9a;2016-04-21
c68650734b4ba156296d9e012ec33565d890d92a;2016-10-10
e3a452b30a85d7c600b81cf8fccf3f796ae71bd9;2016-10-02
ce3a5be7b81211b1042202da80c7fa4bec490b0f;2014-08-01
c5feac481ac474d3265e877c04f197b6bbcae601;2014-09-18
28f9200872a2a89123d8bf62379f569b50a96966;2015-02-09
b38e52e1d9457140815b65041c29686db110d1ed;2016-06-22
c614123c91d8b983f1e239d8a8c38883e21c6768;2014-07-01
d0cb5574824de51012af1cfc57ce6fa3c47a0e54;2015-06-04
e7b600af9c0b9ed17f8e134822d7094b40b490e7;2016-09-23
5ae7863bb96fe8f51c22a922be446b62cdf5f549;2016-10-12
f564fca6f6c1636420fea1f3ee943c2b956033da;2014-06-04
6de3badb6f694ab2fa9d871cbda04b401fa9d8af;2015-09-07
1d68eb24d03d19c12a1bec7356762948aee11b92;2016-09-29
6c8d2171d45f45ef9375e121b8d0804824f8bfa9;2016-10-15
db80202bb8b3a1335adc0d9176b86a4959d2d3dd;2016-10-13
5f9e95ea9015c485602add7b759c956088cae7f1;2013-02-07
42bcb0ae57ab19ebfedc6d6743d34bf5b9925d71;None
389fee8cbd7a031a6bc80f932d800a9dadf51ab3;2016-06-07
de1db6b0c4e687ec837986450c0472dfc99d57ae;2015-06-10
7eade520cfa7f96e3b64f9353847bc37b0d04d48;2015-10-27
b8a29f5513aabc3077cb881870ae344d7236b1f8;2016-10-10
f24facb7fc37ebbfa49c1a02102d3285ae698f24;2015-08-28
d547c2064794ecb0a9478a0701bd356066a8b77a;2013-10-26
3b5a180d7c4e9224756d1a35d88f9f904656ffb3;2016-10-08
e2516fcd1573e70334c8f50bee5241cdfdf48a00;2013-03-09
ca6f5687645639c6a14fd618706f023a83e4251e;2016-09-27
208a30c8757f3aee2a5779857e55e2654a3c5bc8;2016-10-10
64df56d3f2a13ab93e256600fca6db3cf139613e;2016-03-01
252d13e7ce989dfeccf055d7dfc8634d28a493ba;2016-10-02
52b0c9ec31bb11b1a6cdacde8b8368550f638095;2016-01-13
11b63002b764cb3569e38b635877621995c07700;2013-04-07
84a45a5a5c57a8d703efbc3913284237c3637c55;2016-03-07
3edbac266306955ea130cdcce223f724f0218f1c;2012-06-14
edd937ac1ceed4a82411a043afc11dc3bfcf18e6;2016-10-12
9767f1cd9c858c5be9013dc53628a7ae27f76eec;2014-03-11
91caafe0edca97e6411c0e6586ea23ec4cbd2fe0;2016-03-10
b99d607b30963217e5645f0aee6aea8839aa9622;2016-10-05
175e09fde48f5e53ef71991cb1c721f5707739d0;2016-06-10
7827fd98d8efdd62df922e0f71dd90db141767ff;2014-08-29
dac02f68d1a0257b2942edc349474815c03d7219;2014-09-26
765af98921a1d17e3a08a7bcfb9b71b120af2edd;2016-06-30
db5bd86b3658b224e45488b7876b3f9ebabe3b1b;2016-10-10
bd7ef1dd1a225152b1b41f643ceffc9bb9eee401;2016-09-28
f477f8abc4519532ef2921b1343a06f2ac546c2c;2010-03-09
744372bb0845f10ba1fa18bfafd229bf26b1bb1d;2015-04-01
741003a307980afc6e11812aaf7a73f2cc31f4a1;2016-09-22
1603f4e657a48fa439583c9917eb828c7d638d74;2013-02-10
b287ef63a06deb61f8e0663d521c2036746c62f0;2016-10-17
494b0620518bf50b3cfeb104540304c3e7f7b6d8;2014-02-27
b3af773210970296f69733eba53e88d2bd449630;2016-01-19
39dd6017e665e71d936f51fe314197389ff39f84;None
ec8ff6ade556762821e6ee27d854429b68d6932c;2016-10-09
6bb2df3e679f120b58e0149fb37b54a9b2563ded;2016-10-06
e8b5aea477c5a071cc9377a1a1bfc12ba563dff3;2016-10-18
0d063b788da7b8206eb35b69e5eb36238c65e12c;2016-10-05
99d6be4e12c5049f7c4946c584243c36fbe6afd8;2016-10-07
7665b61e1171da90cc870cfb1310ca1223960cbc;2016-10-10
9b58426b6704b36bb90442e7bbb73c9e5eeee157;2016-09-22
f5b3a7c78ac32b958f0fcdf9bbcb6b20672b29f0;2016-09-22
7bd2795d25f4767c4dd357b52df2d4a5383f8f80;2016-10-06
08e06382ab43595d29c11cd0bd4ab79f5422b031;2013-11-28
df2d2189e44fc00123d93954ae79e8469cfd6ff4;2016-05-05
be53a4bcf7d085e784c77a8874bda878daeca0f7;2015-05-03
ab847bc80f821132945124a6c16f858e6506a335;2016-10-10
63f95ab599fb214c9f8a38acab6c7b65bba3b215;2016-10-05
0a88e9a76603b766583658713dcd0bb258ac171c;2010-03-12
710225b07db1fe07b18d641e072e544cdcc248ce;2014-11-18
bcbfee332c8f8211600ed134d2096bbf6b04766c;2016-05-18
c7544735c8c1fa78a34bf1628816bf8e2d70756e;2016-09-27
7da4475267089b0c456545fcf8b661755f0d0f43;2016-10-12
913557bbaa7a5f7722e035813de379c1f32dc162;None
6c6cdabca91737fb9d0610a4a4727c53e7f57ecd;2016-01-13
e20a72e6c301e48b37b768890eb15437e976593d;2016-03-20
b00e17f15cc7f2b4888127f6593b9de5b49f2579;2016-08-23
005e409fd2990c7b88c2d752e88fe007125aee2c;2016-05-18
9288bbc70eaf74385d964d489c21b40f2911eb43;2016-07-10
820f51293351f1a5f68bd81f3f8611a0ee279c0d;2016-09-27
83a58f88a471e0b45d95bec96e89780c31721f6b;2016-10-16
1a5a39aff51b6693588a7f7daa89b73ea7df8093;2014-06-12
7bc1573d7216268f8a62122893d2bcb2e95e6880;2014-10-01
08e96ce6eb3d5be415031379a4dcbb2031e565e9;2016-09-28
13cf66801fbd26dc750e241ddc8bc2af01e65189;2009-07-24
3788e07aac5e91952ea40f9480a0d4119ea1d8f6;2012-06-24
0c319f932894a83a6dc1b4b0c4be322916ea0f88;2016-10-19
994a9b998ef7bd6d5f55a473623477f3a63a4080;2016-10-05
bbf32f86dc8db03a73c1331a04d73b41bc80c52b;2015-02-23
e8cc28eb3f593d60e1819bd74626cb91db068cc4;2016-09-28
147d794bfdf1adab3efc798af5c70c5f852f154d;2008-10-10
4be0437973d74de02d44c829e7e389e1cab40c7d;2015-10-30
6c5779c48d6b6dfad95c7c6f94ba4a20d1a207ae;2016-09-27
4034824369a39f98336aaf92ba1d248b161efb5c;2014-10-21
1f10dd5830eecf117bc10daf7e85d29f364dbdc2;2012-07-04
c074280996b9fd5e5e58a756aa0a545b388297de;2011-08-06
c4744a8b7aad42798bf9d0dfc072c22c28bbb4a0;2016-03-17
2313383dfe988db56ab93dcebe3c019e3f447030;2016-10-02
536cc3143a6fa5dcd0b8674e614afb1be594f592;2015-11-14
8337029655fd90d3b9c99286d8c082cd2f94d844;2014-08-19
d1fa29895069d4e8638eeea4e1764c142bf27328;2014-02-06
47ebec6261ec6d06c058fc10260016b889478aa5;2015-09-06
06da5558e6ebbc39d2fac955eceab78cf8470e07;2009-06-05
77f7c9cfa059f0a32037d3538555fccfb369180b;2016-10-10
682f2a56d07a4090dd36ffe2e5cd0ad00031428c;2016-09-29
d34b412210db5c085b067b2657690055d9e7ce8b;2016-10-14
390b3c326c1ed5f8d069ecbece6f2c4086ac9423;2014-10-08
80b103f72882e04d5755b9184008261f17320207;2014-12-06
ea9101e906fbd057124ad2aa6eda72f6a73d122b;2013-02-11
9f63a4fc67a0b0ced596fe78b8afe182c5e3f795;2016-09-21
b0bc241bab23c9e556be42ff669f7ef436c4d8c6;2014-06-27
9d201bbcfa5f06a88fc977f32ad963a85788bae1;2016-09-26
309a488d2073c8a38b9e1f28b6e7a2571e177461;2016-09-27
f203792a47d4d756bf575f47975bee376ade692f;2012-07-14
1d2136eb18d86b9ef3ad302e1e78a6d68e97b53b;2016-06-05
9b00f8b693b427b48da826a12857706b6f3b2906;2016-10-06
24797f60947caf32d13d23b8eee3a3befc2b6629;2016-08-18
0b884f7314ab7baf12a0a16711ab032805675364;2016-10-02
aa439ac9c6b374684b348a9d290a00b3e7b175d9;2016-10-11
f706e0e36674ff218245baf71323ca08a83359b1;2012-04-21
6d8bb41ff4f5ec5f10de19c7f455e1d89ea192e7;2016-10-09
a2175d647707abe9ae39da8c908bad84ff200214;2015-04-08
a44121e8f641b26a94c27ffbb6b09716e49bae04;2016-09-23
afca4165bcadc6e0fbe00a8b6cfbc4b8d989b1d9;2016-10-06
4c354995a6fc3c925efd68df55ca3be41c5ed7e5;2014-12-01
d97fd5103c7f47a5e8a50832dc7bd53f48b98865;2016-09-29
0d4fbc02d32f3a9882ca075b3e1cc1d4217d1c0b;2016-09-21
00d4c85d33ad098e4ef45aabaeb6987e73c3c79b;2016-03-14
9ea9180e931395d9fc178cd50f7ce1df416aec4f;2016-05-06
a98bc7053bf0deec96ef9965a6f04b85b894dc68;2016-10-09
27a22d9d68a83aa1b84911c0b542152ae31ffc68;2012-08-17
7317273d8e96854561ee061bb17b9449188b97da;2015-07-21
c2796280303d09fb5c1dd3cda6bf44e883a7c13e;2014-09-17
741631e5751ed770ebd5f4c3ce54f86042d38563;2016-08-30
684dba2bdad1a743f82f151a6afa3cf32b29c344;2016-10-08
c5ece35f4fb5b827716b2d8d259c735d3a126d9b;2012-01-19
b109427b30ce3cf56a6f644f7b2d14691f7b15c5;2015-10-29
64df56d3f2a13ab93e256600fca6db3cf139613e;2016-03-01
888d42431f4abafb733f2ff4486562370d386b93;2016-10-13
b13cbf5cafefd9fb2f4e9f5b56d459e30c292cb9;2014-07-18
c68675e3cea415bb2e580ca0fbf52ebfd7e4e4c1;2016-10-13
d7b58766b6f58ab05b10c8112088f6285cb419ed;2009-08-11
7975a420c769d4bf514adb5aa258cf664a9db978;2015-04-02
f8fba54b86e5bd6d83e292dfa2fbf0cf465c530d;2015-10-15
7280066c1503e7b83fb53d52f8d6ad87dc8b9349;2016-04-07
aaa80762cf0dea6ac0a0d3c2ea3a39f7a977ab02;2016-03-19
df1eb9f0ebe7133c8c139ae87a249d43690f7612;2016-09-07
700f1c161b42796db784ce772f9af8a943313553;2009-09-23
57f93f838a7204f0fe455bace047aef250e6716d;2010-11-23
a70f856bda33d45ad0a8ad035f73092441715431;2016-08-02
2b2f926fbdce2c8e743c905e58074a1b26ad4330;2015-05-09
e8c315484b6fc075677996d3818f5d4d829c130d;2015-10-15
d912a5b471818a593398822926e0164a167c2443;2016-07-01
f134e97cbdbdd15c8fed426f181837003903c980;2016-10-14
db765f99e1742273f5a8b990b0e76676f58165a4;2016-02-20
842a50307e567bc02658d60b56b3c9efc10c20a4;2011-01-18
d642691bfb35f14d6156bbd5c4554020f1f767e6;2016-09-20
0366f386f34de7009023725b29bf8988700fb84a;2008-03-03
ff760dfa90cfa9e35827106a92230e89668e1bd9;2009-10-28
b6b1fd3a4574982395e474388d83470eefdda197;2016-09-26
0ddf01e344f58a1f7581fc781685d03de99a6d47;2016-08-26
2e111cb2aba26607967e4da4a9d369870526c97f;2012-11-19
91caafe0edca97e6411c0e6586ea23ec4cbd2fe0;2016-03-10
5d5643c9c08f270f023f6ff117ae3942b3f14b27;2015-11-22
0b4e98fd4b81650da0359f5caa9fdea4233a8048;2016-09-28
3ece9da1bdd72513d5bbcfc46de6d1709e30e2e4;2013-08-22
69613f017d1b6d66a91c4184a65c67623ae47715;2016-07-28
23d8ee5010dc3bdb8acd812bef5a46b35ea1cb4c;2016-09-02
b7dcc98c07da444fe99835858f72048788a8e9c3;None
eee13e6e0ddf9f4213b30b9595446d6cbdbe246a;2012-04-01
3b648f183bec5b5ff81da3525aa0ce923308d1b7;2016-10-05
c0776b03d13051e0817d5ad7355e6046c4f1579d;2016-10-28
5a2ac32832f395b83ac6e9ecb18c71a34751c817;2016-06-21
2c31ffcb8de2358fe542caf493eaa1c03c2a2f8a;2016-03-15
f4aa2a6c643eae20e8ef11337d897e7bb0355622;2015-05-03
80739ef9df69cd360ede70c45325a486f7f74060;2010-06-25
5ae7863bb96fe8f51c22a922be446b62cdf5f549;2016-10-12
cdf7c0661506d4464d9dd1f24a24e64a0d3ed9b3;2014-10-16
2b6bbef4e2b2831ee009c1e757d44dd1a36e5838;2016-05-14
a0e3d1998382d0ba067cfff6a00f52ae4bc2889e;2016-10-04
8e019bed47819759a95c3820fb860f310e07a488;2015-03-24
64df56d3f2a13ab93e256600fca6db3cf139613e;2016-03-01
aca7f0124cab814eaa47ff6ba57eb0904b3b0bcc;2016-10-10
796d1c2c53c596f0b773deebeec4a348897864d0;2014-07-04
7c88945853910be1c19ac8c9864501200ea2851a;2012-11-08
bf2db972d33f19a3ce3b5750a45aa8fbba6048e9;2016-10-08
a4e9c3b6d36985da3407040c37eeec0814c3763d;2016-07-01
15c1f4450cb3fdf124ed8f1397d39ac5c0aeaeac;2016-10-18
9368b27fd4e74c2a7db54da58c5609325181d9a0;2016-08-28
6d3c466046bb1f47736aecb0931c65903115d99a;2016-09-28
eb1dc1a10c0a5061f700ee425d81f8ccb4282863;2016-02-24
430732ba2aebc2dd3e070a1bb2826583a53f58ab;2016-01-13
89fd6fe684e7d51f5957b1316c25f61febb28dc9;2016-07-19
f134e97cbdbdd15c8fed426f181837003903c980;2016-10-14
8bc7f4d3e0ad255b46c88e46ffd48ed0e14f335b;2016-10-02
79fc9592b3bd27c6ecb2a053f0d53389b95f888a;2016-09-03
1edfd80947f4a89a0d80c94ab7caf3c2be7224c5;2014-07-05
c35e0c00b80f0908afd343c669a1a1688143673b;2014-08-08
278359ec6cf3add3c3c15f9ff1a6ec81fedb74b7;2015-11-21
c86631dd7305a2a3a949add96b90eba962a2ff0b;2013-02-15
9e32d4c0704b243476edef6d44628a091e835794;2014-09-12
1eec8904f041d9e0ad3459788bdb690e45dbc38e;2012-03-13
f3245e6cfe09804502c2f8ced9b61830580fc0e1;2016-09-23
7d1409d15cf79b53bfa2466a9b3e8765d83948be;2016-10-18
5644d4efa439180c3cecceaa4c2c3639f99cfb6c;2009-08-21
33454a4525f22152a6886ada6e8ab0f42d17a279;2016-10-18
c8af2cde4699b99615ac7ea41ecea5b9e78710bf;None
805c99c2caab212c4750e8a1bf612056878a75f5;None
1afe3134d20b2f8faba8c3b85991656037bbbc37;2016-04-08
517a1b52dd02570851d43d00ef5af5139ca30db5;2016-05-12
83a58f88a471e0b45d95bec96e89780c31721f6b;2016-10-16
b0b791a378a3bac5ca408e499c0aa41bb81034e9;2016-10-07
d84091e868bfe8b5a1f8eb21772c332e77b841a9;2016-10-12
2347879bf79e1d4bf7a95c10c51d8a3e9e89fc45;2016-04-21
b60f80d1b7eded281fa48851e0281f0094519345;2014-03-01
73dd81eca5bb8e51580e35c816e307144fd955e8;2016-07-07
9480f8fe1e846e12dd191dd25e6f17d29647c9fe;2016-09-16
8a6ff187489145111c1b6ac8588a2e5997a5be87;2016-09-27
1d2136eb18d86b9ef3ad302e1e78a6d68e97b53b;2016-06-05
d7764b771463c30f305548150f9269d1b39b6c9b;2015-12-18
375c5f80a755b94facd845245243cbc817bab2fa;2013-07-11
ce9155ab438cd04301bc2ba095a5f29d208a2c1b;2013-07-18
c45149161a3a97736dbe8612ed58b0e17fe36061;2016-10-01
c2d61a5424aa474a169e59199aa2158a858833f6;2010-04-22
a5f5045209ba0738f2f8a5207c7aba96c9ca34ab;2012-01-07
23699de3861c73a5aba9b49f2ebf2c01bcfcc58f;2009-10-10
1ab704fe0d4fa8c1585a6e98571e646fdbccee30;2016-06-08
caf8ffa87dfe94d92bea23eb7f6e6a51f326a963;2016-04-07
545b9360a88ee4536abda3575de55d8f43b98217;2016-05-20
833c7870b3d50c34fa418815c7fa0eb050612fbc;2014-05-10
fe57f7ccdc6d741471ddf5e3d96fc875aae68ce3;2016-08-05
86ef3b106a480fa31a38baa647d136241e3be9ef;2016-10-03
53ff0bc0ffa604f1034c6c8f2626d6c7117d92a5;2013-01-15
147cde6c4abed7c96747039263fdff574312c893;2012-03-30
f9964a89a60c4bfafbde20a88000364a364e9004;2016-10-05
7a5b3fe7857b2656d1d22d968519ad30a7cbcd55;2016-09-29
004e918f9cdf2e809cdb4b817d503c801921cf75;2016-09-29
58d936932bbc60122bd0c98e61dddea9d83c5e95;2016-09-28
55c5458eaf9b6666cd1955cb67a238dbeb0612ee;2013-07-22
6158ed076e5b26bafb95ff8ad3e7f3e8ca83ff93;2013-05-13
12fa1bc6000a743945e64e38f50460a32cc7d9ae;2016-10-07
e536b317499381f09757b24a4f8c8ef1d180646c;2016-07-01
2354a40bbdd913c09f9846e006165d8461a95c08;2016-09-27
49b7cfd673f43f4c2e78f5903db49c8c21cd6870;2012-06-07
2a4de53bf38ddb28cba672f43f65724ddc0d11dd;2014-11-22
c614123c91d8b983f1e239d8a8c38883e21c6768;2014-07-01
8bb01d0ddfc5a689efbb8de4b31a98097182b4d7;None
ae6ccbf6a36d088ae8216e60d581ae01e6f38a87;2016-10-10
40c2878335889057bbb89aa217ce8fcb3ff71db6;2016-10-03
7002e45a67713937dd1b70239dbb00f0076bada7;2016-02-18
68ac821b4e73d2be06485da800e23a2f57dbd7d3;2016-09-26
ce73b4566ea5e41ec5c3f66b7dde09e8805b0d55;2016-03-09
2e47717fb04661b4eb24e2dbfd8a7bda6a458240;2016-10-17
42792f0f476420bfb80624dcb17557d3973c8a4f;2016-03-18
333090f7f164ff5be29d300f0a26b27a1228a7c5;2016-07-11
5d53f90f68261feaf09b82d90fa76066b8e80d6f;2014-05-14
404df59746a12145b4cfbdc16fdf8968aee4ebc7;2016-09-07
560752d06043d007fda5d16dd8062cdb35b12ea0;2013-12-23
d25763429e705f227ed51d203838bb8c81785a5a;2015-06-14
bb9dbdca921d84381c893086f65ffca17120b23d;2013-04-18
9fffece7a39e786e0c846a1f52da23add2e5d191;2011-01-31
7fc81fb6cee0ba858b3801162c231a5f43c94a02;2013-07-04
d5f8f8bbf5fdef0290fd5253afa2b384c53d3874;UTC
1c0fa68f1c8a93aa8c24569d7cb8b7919e27392e;2012-01-14
fd4d99ef80f42221f842951740cfa63c0b3f784e;2014-01-11
97183f7f81c3036f8b23127ea78c509f85115f14;2007-07-01
1ec496383e183101c07ae57288cb939b0420206a;2012-07-22
1238a14effa037b4a397312aa56d2952dbe464f5;2016-05-05
137f8e270cafb27e5d65f8cedd55f8cb0ca31734;2011-06-21
a3b160b471fc6a3f8f18114fcf3d6a2acf5bf3f9;2016-10-10
c57d0a7d8cd5f1c3020536edf336c3187f3e051f;2016-05-11
35a57d7566dbf8947c5cd0d69110a023d8286ac6;2016-10-07
3fbdbaa30765e97872b9a2b3551fd6915e3b1e69;2016-07-26
eac69aeb6093e68a46c0a90a510d2fe96d3a9a5b;2016-08-18
6e6a1a5842306182c8ef667983bea54977eaa2db;2010-06-25
17f7da10965b1c0bbc01f01d14de02ce234d7438;2010-01-27
686d41121834c8b2f7dcd11fbf01b98dca5fe306;2014-05-23
f8e412446211734842b33b724c7ea05ce748bfe3;2016-10-07
df4dd4910fdc2bd0459d199da0ecd2f5c993a939;2016-08-13
d75d68dbdfe03d43963042ab76a28f75a91265c9;2016-09-10
5598ffdf1d47ee661ddd19cf292fa3a3cee17060;2015-05-13
698175bd541ceb4c69d0d811665f6e9b22c1ae4b;None
f10bd4904ce5a8c9dbcd95b8b8a330cef75bc924;2016-08-16
dad62a255c7d21df01f17e6492c2e1244c9f8fe2;2015-08-17
e906b9b585a02c08270316fd21f8f5ce0081526a;2016-01-08
3fe4fc2494ddda4566ae3caf7fd02af6ca1ee52c;2016-10-03
0e06d44ebdc0e1ee6e12fb7c068c100873955e91;2015-04-21
7c30ac856585877b111c386c97f681cec277bdea;2010-06-03
b8250479c0ca3fbd29e0246bcd4f1b0ff567a478;2013-10-22
5a58709c7ee71fbe77178fa6b510cf062d76972c;2015-02-02
08670b1e9817bdbeb5d90dee61024d60f72fe85d;2015-08-26
236373706807dcd5df87a3cb8b99d1d5589072d9;2010-02-20
2f047ddc8e9918216b09b290df1552899cb9ea51;2016-09-02
38e5727ff21291d142e3a8d275ef2062c92e1cfb;2016-09-21
7a917a890596cbf0314d02cb33a814f6dc159528;2012-04-04
0d6fad79e50f04a69010fe10b5852c6d20b95d41;2015-11-14
61bd3adfb17a5491438a0712e8059476a8e0941b;2016-08-22
c7e74bbf46b8355599e7ceb73d2602b4f4d88053;2016-10-18
8f481529b427fcb7df609d7e71799b99daf0de13;2012-01-14
3923b5616dff18b775cae350b529b283ffc7076f;2016-07-27
b437db72c0f0cb16eb0cff0d6f25ca37d1d7aa26;2014-11-20
cab9898a1549c8e49b2c4e5b43119ec67ba32db1;2016-03-10
a3d553fada445279719fbfe7a34bb7d86118c0f9;2016-10-07
6a54e0e8c8dbfca68abe3cbe66d99c66ced59cea;2016-05-18
a01b7f55c5edc6576d1349a0a23b781552c74244;2015-03-24
9c179faa17349d40ffd869237c0c6d6581ec710a;2016-04-28
874f0e541d1d3c9e5e41258d014cfd610ba49683;2014-05-08
df95f2fb6a3497feeda857168bb036185d8411c4;2016-09-27
2d5521317a8d99d97870561c49de3b125725038b;2016-03-19
d124b73e06e6b0f65b891dc53693c0045162ff3f;2016-10-12
de71493cd729a787f5bd5317b059d89b21c555a6;2016-09-02
4a3cdbd119bb149ffd96bab9dddb768e505460b0;2016-08-31
461af9edfba901e13f54f464b299dc2476fac2f8;2009-01-08
7bb043de7e35b7264f63d923e0ca102ebfa03900;2015-06-26
458fa061efe296e96c8c9301c85b6f41214f7d57;2015-03-03
7069ac9e2342fa23c919d34976f5c2e484e7fe8b;2015-08-08
bbd324f269c73038126c0d0291a246990cc0f47e;2008-03-19
25e5e553af5e2d21b5cfc70ba41afb65202f6fd5;2007-09-08
af8a3008902b365a097e1ba24d314702c454acca;2016-01-15
27d803425473cb46d95189a6e981e96e1e8e47f6;2016-09-27
62f2fb6b0c13eaa6aaaeb4662c6f81cfe876a32c;2016-04-12
2d48ed4a0fdecc7a7b8a81a54cd81a56fd5ee142;2008-08-23
4962478be0e9ec203c72fe6855af7af8d5b937f8;2016-09-27
8a1667dd3a49707e902155f297c18cff46e78698;2015-05-11
07f764145d617d8f0824692a3456b89d750e4387;2016-10-14
8b560cf9ce9cdd08483beb694c728d84ae506120;2009-07-29
48b4787c0f6c89dc7f881a32ebc15a7decc17995;2014-06-12
ee1cdf3565694a17c1d29022ee246d4beccba5bc;2015-02-03
8cf3601889772cbe9a3907849a6c38bfc8b59251;2011-08-11
8da2cdea3f02d6f298858abe191500a8b8e8cc4e;2012-01-26
918f9d2f808f84191fd0dc8b3fb0a81afeadcb7c;2015-09-17
e174bb5c01c109a0e30b072e3527e92c8f7f2375;2014-10-27
baf8026950bf9e09b8c1159f62df31a26efa9db0;2016-04-03
69a513ffb74ca7336e468778f6579da3d6f9387e;2009-10-16
74afe53a68420d449366d7464c4c196963e04442;2016-04-20
26b4183e458db35fb695d1fcf71e39e18afbd073;2016-10-02
a01b7f55c5edc6576d1349a0a23b781552c74244;2015-03-24
12514cb656ac112d10413643dd23ac82f3625a7b;2016-08-05
ea2b3e50796ea65b8348f13cb18ade65fbd09152;2016-10-13
d15449084093fecac4cdc942049c6fe779d91c33;2016-07-21
86c28f0cea679074d96f3cdb509ce6b90d7cac16;2009-02-11
3f955e192855150fa1ff836bf43dc33bcc09460d;2016-10-14
56ac3e850c002d24c09ce6b2f02d8d4642858155;2011-10-11
902923ffaab8160b86a2b9c1ec4c66da387b2763;2015-09-08
6fa012e495aab0624056054003c998137326219a;2014-06-23
d84091e868bfe8b5a1f8eb21772c332e77b841a9;2016-10-12
899fcbf9344be395a2590b7cc01ceff32d854ded;2016-09-23
edde76bd8eaf7898f2c9683385eab294776e4641;2016-09-16
7b2f9e78e2af0e49c192a3c8cd1821cd91fe8573;2013-08-14
f772047fcf2cb1037c33f0d97a568e6d1f0a1d29;2016-10-15
ed0b339fcc0463e50e2665f2666af6aa9daecf18;2014-08-20
ac587253a7d5648020d12ff39f24c00baed4f1bc;2015-08-13
a0e1bae9215cae2bf5853408d4420592b9db3364;2014-05-06
d9e3aad94d3f8bcfdde683e1b5d74e7dad4c52f4;2016-10-15
c2d61a5424aa474a169e59199aa2158a858833f6;2010-04-22
2b950abc43a778c9e6a36f09b572528e36bc7f2e;2016-10-07
affcae4697b5045f0fc0ddebeb1f6c959788b4b5;2016-10-10
935b4ec08bc92961f2673de81f2d740b5d526bf6;2016-09-30
99415db50252dcc0e16e22eeb17b423291e6e00b;2016-10-11
4ad34b6034ac4808758709e0a8145d12b7355d87;2016-04-10
c19bb0f854d1bf4544dfe07b36689048119ef4db;2015-12-02
d7bf1f0f65b3eb7be725a0ffb5e9082af233a7af;2016-09-23
ae5e9363afb62ceb31f147adb0b3379dd73f5635;2016-07-16
99de164adf32f6219fd2ba542bd8c8a30fc3fffa;None
1d31e80f2f6d2fd75a6ee030c15ba82bd1b5c604;2014-08-18
3c8a468321a11e02541ec84a741d4726e22f1ad6;2016-09-19
8ac858aab672282235bb771466fe7561592c26f0;2016-09-19
a0ab2e7ef7df05d2dcba481af1a7c2803f163f2d;2009-02-15
372bcf656b470c4b70eb31f44c30beff4d50b8e1;2013-11-01
d9c560ae5690c266d85ccbc77f57b634fa713907;2015-01-23
8741270d17851aa7d376de6d8cd98ffad88a5945;2015-12-16
6419a562db955ac30e08b015c9f9fc741809262c;2016-07-20
005e409fd2990c7b88c2d752e88fe007125aee2c;2016-05-18
22b3ee6951572035948db22f006c3b1c94afd3e8;2012-05-31
d70cefd89abd992006410baf40d6ef01232ed793;2015-08-13
261b03a8d6f66a7096ace2441c17837564adf08e;2016-09-13
a259edce06cfcb8ec884d2e613709b300da03d2d;2016-01-14
4164e34fd09efcb30a514df091b42f9ecc860bbe;2016-10-01
1c6e5b14a26b3b13e3cec548c68fb1ed553a6f2f;2011-05-01
59df803c902153029d8be8d3c92c3f1e53eebb1d;2015-02-18
211a19ca4ec3c7562c9844fe6c42e66a521b8bd4;2016-08-16
0537c1fd7f7075e277a561ce1a8d5f4d6a8f0f19;2016-07-26
749132ba73b49cd74c54b601ecc0d0eb855362df;2013-08-18
beb70b37d6dedacab3bd58782d232d3b10baaf55;None
1a92279221bedc0d4a0639339567651ab8102a6f;2016-04-28
0265bada02c0cfe3312f3ba4c6620c17faadd047;2016-09-15
1c5c0cfa227b84e08cf99d4f0461369c12db0214;2016-10-10
a86f0726019ca84d1de1b036033d888d4538b2a9;2016-05-21
ce3a5be7b81211b1042202da80c7fa4bec490b0f;2014-08-01
bb17ea589331016fce59b1a631c3ded970e586ad;2016-05-18
ae14706f4621d5826c611f9be747e9223c11c383;None
2794b684f683d6ed5015b09a4a09e0fc60c687da;2016-10-01
2270418fd3d6b3fbb9d5eea0e94704080a31f197;2016-06-14
023751785d671d7091f30f329e225d660ed8bc3f;2015-05-18
ddd34f3b22b52e1e0834af10cb4707f4d7edbb37;2016-10-14
d36221f113ad45514e8aff22ab0b04f7440f953a;2016-10-18
854c9ba29b26583dc5d5f925fc97ee97788a6b69;2016-10-04
61f1b2c241d817e501f9c57f360de1216289c549;2016-09-14
b21e37b44d12ff5e859b56e0960eb5f52824a1f1;2016-10-12
a43873f1124d833c4942f0a2ede61268053d9a27;2016-06-11
25e5e553af5e2d21b5cfc70ba41afb65202f6fd5;2007-09-08
536cc3143a6fa5dcd0b8674e614afb1be594f592;2015-11-14
196ecc2a8676faa0e3b2104de039dfefc8aa867c;2013-10-23
a4ca532fa473b229749e76531c99e11afbc63853;2016-10-02
63052c2bc6b02a5311fe87e7e5a54402a7352760;2015-03-07
9fb458552c3fdb18adeea09c714122ab59bfa87d;2016-10-03
0276404a5d110e3c562ea02d866d1155ccec39b4;2012-05-25
4764e289488cb710ea0276938a76fa5dd15c89dc;2016-02-15
e9eb7acc7964f161d3938ed02f8519b81e7d379d;2016-03-16
a4f392cc155f5b6be19a4d731d61ea0c55d89e0a;2016-10-13
c21e44aeeab6b07691a61f11f4a0305febcf446a;2016-10-11
841e1f9b63bf3e63b5a178a8b2dd0898da750ca4;None
323652cd344c52ed9244c34038891218c0b42223;2013-06-08
041c2622d8fb62e4e406b679287edb1c8e2461e0;2016-04-28
322f3140d752a62e3397310804ca9f9d58d849e1;2016-04-20
27e29b49876590ca85c7ab5be4e670d48e367cdd;2015-07-07
87595d165c31fb824f78e53c96c8ef65c8e21082;2013-11-30
07cc210fdb062b74d64b1d96eb079298a285371e;2014-06-24
bf40417b34d318965b5936ecfe732fc75c10dd5a;2012-08-06
9fb458552c3fdb18adeea09c714122ab59bfa87d;2016-10-03
a2ce6916db0a084a109b54538848f7d9758b2316;2012-07-08
f363d71529e8ea439a74ad16d9cc5d6555d70b39;2009-12-03
587dff484193210a443ddcb7c3cc36e2ce45417f;2016-10-07
898acc330114aac94ecfe446660a729436dcc903;2012-01-01
850f643bb715782f120edb8eee982b0f3543a332;2016-01-13
151d8d83caee6e7a99f327e669b417a352ca6bb7;2014-08-12
346ccacd90e62bd8d65b09e7624c368458e97db8;2015-03-06
dd1cb1163c5572951c9cd27f5a8dd550b33c58a4;2016-10-04
c3e9bf00874865abdc41848ef0e456ad2df33319;2010-06-03
b00331d56903d49e4be9b738f67630a4e04010cd;2010-12-09
a4212218196efa157400adca296f80b5f85b8217;2016-09-29
c97829191a79a59ec41c08fb9215f7e9d9ae0b2e;2016-10-28
d4f9a0b0d7bdd82e21aa9f16a0728e7787f4eb0e;2015-02-28
4d9ddce9939e39f8a84fda39e6d3f940d1c42029;2013-01-28
53a2e9589727276d934125a39bac0c38792a24f6;2009-05-03
93eb34412f5fa1eedd8cac52b3252d3df22c8178;2016-06-13
1cc8f1eca058cd163e9de54cb2c3d841de0a208a;2012-05-08
bd486f62bc358b1180218480a1cbb0a42483af98;2015-08-11
56fd10a2d28d131f5c544b189537130e46edefc5;2011-07-03
de11bd8423c4a2e92931ca169d422009eb0a4504;None
1cd1e165c82a899f1118fd28836d29f61e935380;2015-08-05
03268a0c3fe78057420dfbea70061af12895bc42;2016-09-26
f11756c1a4541a3bc156c5c87a6d2547e248c9b9;2012-04-30
6ff34674fe9b4da57858a29d472151d115171c2b;2016-10-11
e3891d17edb26cd9448ab727bad6cb0cb8269324;2016-10-19
172c1862ecd3efcf3db0ceb85ff067f1755a86f5;2016-07-01
5ef3bc19444ae1ef8adefaa86937bb6e1217982a;2016-09-23
50e11db142ac391d2c85e480ac20740fe1891d88;2016-02-07
962988433e771594fcf2f69bb4ec12a61f144a40;2014-10-09
6a3d5b494b4ed6e11fc7d917afc03eaf05d4a6aa;2014-01-14
74289fc9cee41579fa5f5fec6cd935772558f7b1;2015-06-03
a44121e8f641b26a94c27ffbb6b09716e49bae04;2016-09-23
ac45125b3eeaacef3ca5b6cf3a1c513a760dc380;2016-09-13
affcae4697b5045f0fc0ddebeb1f6c959788b4b5;2016-10-10
2aa6946f10596be6208cade3a84d373cd922e147;2011-08-29
bdfec2e45bc429a086f5b30ae24e55ea1094b5b7;2009-02-15
ddd5298afeffc4010d74592dc43482739e2edceb;2016-07-27
ebdd0c46a8fd01557dd127d1aa161992009ba073;2014-07-28
80d3108d56d27cdd34b3593b5bc6153366d81924;2014-10-28
3c0c9af931cd494b9fc1f5a6b0533c2903169193;2016-10-13
c945d779e60d5528e6e43557051016fb74e9790f;2016-10-07
26918f15c02df96fb6ecd582cf55dc2853dfe3ae;2016-04-20
58e4c26bc01c1859badff4150fa1f85c2ec4a34c;2016-06-17
4c50e1e5152164a8e7fb7287395c65c7bded10d1;2016-07-06
b6c2728e1b8f7006b2b6958f374ed3454f81478e;2016-05-26
131c62302a6a5fdb865f6995f2b3b655da8e8134;2016-10-17
ee7ab40509910dcc737ec487ea9c41a664464760;2015-09-29
32760c3276a1f45706be909e2830955499acbcd2;2016-09-23
63d1f482951b57ac4a28526409f09d5767da34cb;2016-09-09
707ff72f63f7f3e42640b9818cae190eab813472;2014-06-26
54097d1a63cd64470977e1a69d9df29fe4540bfe;2016-10-11
5302140dcf50354aa3ea91a4ab94b7c6abdb3f6e;2015-05-21
7a1395723c566b17160b945efdd25a6bdea62c25;2016-04-14
330fe2db077bc9858cfbe2278a9c1f3e776420a5;2016-09-20
6baa9f864263d8c29c27e34657beb976a03baafd;2016-04-15
4ba5eb1a3db44da36981eb037977ea35b57ddb3d;2014-10-26
9ea5c70f662c8bf3db6f02dbb20109fd05580f6c;2016-09-16
ce751fecbff0e89236cca5d79068ce955324fc9a;2016-04-21
b6838fc8fe41f51f911cc525c862e9b700977ce6;None
a521e1bd5701ae6c37b7d32101bea4ee70ac5997;2016-07-05
7af2345988573336617d80216505ddbf2843fc5c;2016-10-05
ba7ecd4681011a987ecd1a1d47230e55be5ea9d4;2016-03-28
dd1cb1163c5572951c9cd27f5a8dd550b33c58a4;2016-10-04
d07e8485eccfb2c213e9d9d100c7d66e159dcaae;2015-12-16
65fb8e2e82b14edbadbdd1c2181bda09de7b7deb;2015-11-02
81b7d3e5b6262394ff534a740ad2e76ba275bafa;None
c64df8d296192efd257def62e65d13c83ab150a8;2015-09-24
2282d6f55f6fc79b0a9b193fde013bc36af305e0;2013-07-14
869d087fc43c74228149f089dbb7aeccaf377c72;2013-11-06
8ee2f9325edc47022d9b036d56dc165589de0ce1;2013-05-03
f49569d7af5f888fef3bb6e57e02edae502e8b46;2012-09-11
2d935db11be37ca6b54fec4284dac38c61698947;2014-03-10
df1066af508a40e15393c5116b7519db4a29e567;2013-12-07
c863381e2d551aec2f848a2c8dc3835487366c2c;2014-03-31
f192207f5e4d050b923b5002521a09783fdfcd8c;2016-09-28
4cd617d8bdad9b2175b1cf688780945ec5f2335d;2007-02-20
23829fcc0ce8357ea17ab8863b4d591f02eb493b;2012-04-20
d9ce50b776954544f74e34a23a3aa8fab04411fc;2015-12-21
e7138df590c7955f64b726bd3a053801de383a67;2013-08-10
7bd68e7e7448c2bcbdb2393d456e096d1cce1092;2016-03-10
98a7a538e59aebe457c21892d0fb3d7401a2eaea;2016-08-17
474a228a9a75a89ca54e3859ed729050fc04520e;2012-09-17
99ab5e416dd46fac340d20014ed52989ebf03e19;2016-09-08
ffd971816e3108a97310945d23defe0209e83880;2016-09-20
724871daafcc1eb9d5961a883d3fd72ec6727df2;2012-10-07
12514cb656ac112d10413643dd23ac82f3625a7b;2016-08-05
850f643bb715782f120edb8eee982b0f3543a332;2016-01-13
7954b7ef535c0475bef428b6582ccdb53f587f2a;2015-03-09
40cdd1188cfc0b474b66a22ce8ddb280a38eadfd;2016-08-31
892ba5cee3b294e36200cad8ffb22d7808d9c17e;2013-04-14
a36bf90e8a4ccf7cbc316ad894a43dfc8601ac11;2016-02-11
98b84312c2acc818ece5d71a0f2117091f843c27;2009-03-04
f17e6a82a23a99932f4de9c3ebffddbff6288a7b;None
816d549bf5fdaaeed378cee3f1aca7b0ba94f142;2016-05-02
4611b3e54d46c3a3f00d526133d92b02aaafd383;None
00e808ceb149fa1a4367375afec2e58540fd224b;2016-07-19
9eafdab243b3f5be83452ef01948946252703a9c;2015-09-18
96b71c14e75e20727eb9a0844e63dfad5abe2dc3;2013-03-24
460473831eabd8e986857087e70ff22cd762e54d;2014-02-13
476286214e43147899061d217a5a833d9b740254;2016-09-10
b70d6430d9ad39f2f784326a0219a552a6b27d7c;2015-07-27
d40068c977d97fc8f8aee0c190d6f1424c92ca28;2014-11-21
130b4ca9cb9c8ae70acbda4c77ee0cb0458cb668;2016-08-31
b3f7e2ee168811cb1d924eb34afe2b0d8153f89f;2015-10-14
30a45aae02d7df47be28953ad17306f745a52c2c;2014-04-03
3729cb62051b8c913fd94e0d25613d897fa63c36;2016-07-01
